{"ms_per_step":615.1078987121582,"train_bal_loss":0,"_runtime":116,"vram_gb":0.221994752,"_step":1,"step":50,"val_loss":6.284966588020325,"_timestamp":1.7735072408655217e+09,"_wandb":{"runtime":116},"train_loss":6.2565446376800535}