{"_runtime":275,"train_loss":1.6409613728523254,"train_bal_loss":0,"ms_per_step":311.89123153686523,"val_loss":1.6762675166130065,"_step":13,"step":650,"_wandb":{"runtime":275},"_timestamp":1.7735459199587157e+09,"vram_gb":0.122155264}