{"val_loss":2.0146255791187286,"_runtime":426,"train_loss":1.1785214781761169,"ms_per_step":768.9330101013184,"_wandb":{"runtime":426},"_step":6,"train_bal_loss":1.9994018018245696,"step":300,"vram_gb":0.972871424,"_timestamp":1.773571526549663e+09}