{"val_loss":2.9510802030563354,"_timestamp":1.7735297952195663e+09,"step":150,"_runtime":159,"train_loss":2.962957501411438,"_wandb":{"runtime":159},"train_bal_loss":0,"vram_gb":0.087152128,"_step":3,"ms_per_step":417.6000928878784}