{"_step":13,"vram_gb":0.285346048,"ms_per_step":417.7986001968384,"train_bal_loss":2.004946732521057,"_wandb":{"runtime":498},"train_loss":1.8131970405578612,"val_loss":1.8266201317310333,"_timestamp":1.7735403610971947e+09,"step":650,"_runtime":498}