{"train_loss":2.08414226770401,"vram_gb":0.194198016,"train_bal_loss":2.0002574622631073,"_wandb":{"runtime":280},"val_loss":2.0788861989974974,"_runtime":280,"_timestamp":1.7735320812848656e+09,"_step":9,"ms_per_step":278.0043411254883,"step":450}