{"_timestamp":1.7735156761681998e+09,"train_loss":2.9902190804481505,"val_loss":2.9753801226615906,"_wandb":{"runtime":381},"_step":5,"vram_gb":0.248467968,"step":250,"train_bal_loss":0,"ms_per_step":557.3728656768799,"_runtime":381}