{"val_loss":2.762185049057007,"ms_per_step":435.3057861328125,"_step":13,"train_loss":2.779289650917053,"train_bal_loss":2.0893704652786256,"_runtime":462,"vram_gb":0.561780736,"_wandb":{"runtime":462},"step":650,"_timestamp":1.7735253778067582e+09}