{"val_loss":2.078671967983246,"train_bal_loss":1.997984665632248,"_step":23,"_timestamp":1.7735442936517177e+09,"train_loss":2.0799557328224183,"vram_gb":0.16476416,"step":1150,"_runtime":680,"ms_per_step":394.4910430908203,"_wandb":{"runtime":680}}