{"_runtime":347,"_step":4,"train_bal_loss":0,"_timestamp":1.773516179085672e+09,"vram_gb":0.24109568,"train_loss":2.986444926261902,"_wandb":{"runtime":347},"step":200,"ms_per_step":619.997239112854,"val_loss":2.979903185367584}