{"train_loss":1.839712280035019,"_step":11,"step":550,"_runtime":342,"_wandb":{"runtime":342},"vram_gb":0.26784768,"val_loss":1.84943630695343,"ms_per_step":429.09881114959717,"train_bal_loss":1.996429544687271,"_timestamp":1.7735812268663476e+09}