{"_timestamp":1.7735509499376447e+09,"train_loss":1.8614928901195527,"train_bal_loss":0,"val_loss":1.860428237915039,"_wandb":{"runtime":271},"_step":11,"step":550,"_runtime":271,"ms_per_step":301.83079719543457,"vram_gb":0.239447552}