{"_step":13,"ms_per_step":333.84897232055664,"train_bal_loss":0,"val_loss":2.70831983089447,"_wandb":{"runtime":360},"vram_gb":0.039588608,"_runtime":360,"_timestamp":1.7735456340963326e+09,"train_loss":2.7307993292808534,"step":650}