{"_wandb":{"runtime":211},"train_bal_loss":0,"ms_per_step":497.3194408416748,"_timestamp":1.7735628044857378e+09,"_runtime":211,"val_loss":2.410031521320343,"_step":4,"vram_gb":0.142238208,"step":200,"train_loss":2.427345061302185}