{"ms_per_step":682.2327899932861,"_runtime":316,"train_bal_loss":0,"train_loss":2.6625208735466,"val_loss":2.6474870800971986,"vram_gb":0.14148864,"_step":5,"_timestamp":1.7735215899131804e+09,"_wandb":{"runtime":316},"step":250}