{"_step":11,"train_bal_loss":0,"val_loss":1.828381496667862,"_wandb":{"runtime":321},"_timestamp":1.7735795738628411e+09,"_runtime":321,"train_loss":0.7390177518129348,"vram_gb":0.4860544,"step":550,"ms_per_step":398.63563537597656}