{"_step":11,"vram_gb":1.412903168,"step":550,"train_loss":1.719799315929413,"_wandb":{"runtime":561},"_runtime":561,"train_bal_loss":1.991259503364563,"val_loss":1.7632427513599396,"_timestamp":1.7735432647297359e+09,"ms_per_step":687.9717969894409}