{"val_loss":1.7825133740901946,"vram_gb":0.077860352,"_wandb":{"runtime":212},"train_bal_loss":0,"train_loss":1.787504678964615,"ms_per_step":272.74996280670166,"step":550,"_timestamp":1.7735307427609992e+09,"_runtime":212,"_step":11}