{"step":550,"ms_per_step":380.03756046295166,"train_loss":2.475507640838623,"val_loss":2.4685056805610657,"_wandb":{"runtime":310},"vram_gb":0.334588416,"_step":11,"_timestamp":1.7735435939371889e+09,"_runtime":310,"train_bal_loss":0}