{"val_loss":2.7855131149291994,"_step":23,"_timestamp":1.7735134683065856e+09,"step":1150,"ms_per_step":365.8230781555176,"train_loss":2.8060891032218933,"train_bal_loss":1.0011285424232483,"_wandb":{"runtime":634},"vram_gb":0.539537664,"_runtime":634}