{"train_bal_loss":0,"val_loss":2.200164020061493,"_runtime":199,"_wandb":{"runtime":199},"_timestamp":1.7735490939176037e+09,"_step":3,"step":150,"vram_gb":0.166679808,"ms_per_step":622.8860664367676,"train_loss":2.2069097995758056}