{"_runtime":306,"_timestamp":1.7735089550644002e+09,"step":450,"vram_gb":0.242385664,"_step":9,"val_loss":6.308576679229736,"_wandb":{"runtime":306},"ms_per_step":179.08967971801758,"train_loss":6.253755831718445,"train_bal_loss":0}