{"_step":13,"vram_gb":0.20084224,"val_loss":2.4685784935951234,"_timestamp":1.773539520554794e+09,"_wandb":{"runtime":374},"step":650,"train_bal_loss":0,"train_loss":2.493836450576782,"_runtime":374,"ms_per_step":398.9361810684204}