{"step":450,"_wandb":{"runtime":347},"ms_per_step":456.0286521911621,"_runtime":347,"_timestamp":1.7735655985782835e+09,"_step":9,"val_loss":2.294718825817108,"train_bal_loss":1.9988055586814881,"train_loss":2.307308387756348,"vram_gb":0.667905536}