{"vram_gb":0.282075648,"_timestamp":1.7735625854783802e+09,"val_loss":1.6327545404434205,"_wandb":{"runtime":671},"train_bal_loss":1.0004961520433426,"train_loss":1.429677629470825,"ms_per_step":454.55756664276123,"_runtime":671,"step":1150,"_step":23}