{"ms_per_step":675.5983543395996,"step":450,"_wandb":{"runtime":504},"vram_gb":0.936184064,"val_loss":2.279548716545105,"train_loss":2.2848115801811217,"train_bal_loss":2.0082313656806945,"_timestamp":1.7735555734322083e+09,"_runtime":504,"_step":9}