{"_runtime":188,"train_loss":2.2048697233200074,"ms_per_step":265.7257413864136,"val_loss":2.1912891626358033,"train_bal_loss":0,"_timestamp":1.7735359026561334e+09,"_wandb":{"runtime":188},"_step":9,"step":450,"vram_gb":0.235702272}