{"_timestamp":1.7735691314977365e+09,"train_loss":2.5615480303764344,"_wandb":{"runtime":459},"step":200,"train_bal_loss":1.9999478340148926,"vram_gb":0.340214272,"_runtime":459,"ms_per_step":937.1322441101074,"_step":4,"val_loss":2.5507614493370054}