{"vram_gb":1.43023232,"_timestamp":1.7735419092379868e+09,"val_loss":2.6773922085762023,"_wandb":{"runtime":443},"_runtime":443,"step":300,"ms_per_step":1065.0663137435913,"_step":6,"train_bal_loss":2.0042822480201723,"train_loss":2.6916651248931887}