{"val_loss":2.306483542919159,"vram_gb":0.059643904,"_wandb":{"runtime":294},"_runtime":294,"_step":11,"train_loss":2.321160078048706,"ms_per_step":294.9262237548828,"_timestamp":1.7735700383488715e+09,"train_bal_loss":0,"step":550}