{"_wandb":{"runtime":231},"_runtime":231,"vram_gb":0.97718656,"_step":3,"ms_per_step":471.02028369903564,"_timestamp":1.7735110801794574e+09,"train_loss":6.326943874359131,"step":150,"train_bal_loss":1.9963440418243408,"val_loss":6.348228883743286}