{"_runtime":283,"vram_gb":0.039700224,"_wandb":{"runtime":283},"val_loss":6.566161298751831,"_timestamp":1.7735092350772781e+09,"step":50,"train_loss":6.546178030967712,"_step":1,"ms_per_step":686.1477041244507,"train_bal_loss":0}