{"_timestamp":1.7735142682933612e+09,"val_loss":2.9769623041152955,"vram_gb":0.091969536,"step":200,"ms_per_step":339.05112743377686,"train_bal_loss":0,"_runtime":144,"_step":4,"_wandb":{"runtime":144},"train_loss":2.9865787744522097}