{"train_loss":1.1767921686172484,"_step":23,"step":1150,"ms_per_step":289.3615245819092,"val_loss":1.4407612562179566,"_wandb":{"runtime":341},"_timestamp":1.7735589843404374e+09,"vram_gb":0.501529344,"train_bal_loss":0,"_runtime":341}