{"_wandb":{"runtime":180},"val_loss":1.982585883140564,"_step":5,"train_bal_loss":0,"step":250,"train_loss":1.9774308323860168,"ms_per_step":410.9548091888428,"_runtime":180,"_timestamp":1.7735447585845592e+09,"vram_gb":0.119400448}