{"step":450,"_timestamp":1.7735488902887242e+09,"ms_per_step":500.86225509643555,"vram_gb":0.636754688,"_runtime":344,"train_loss":2.752307653427124,"_step":9,"train_bal_loss":2.1812710404396056,"_wandb":{"runtime":344},"val_loss":2.7458574533462525}