{"vram_gb":0.35185792,"_step":6,"ms_per_step":314.9238967895508,"_wandb":{"runtime":202},"_runtime":202,"step":300,"val_loss":1.568733274936676,"train_loss":1.5276536405086518,"train_bal_loss":0,"_timestamp":1.773580473022831e+09}