{"_timestamp":1.7735818410170586e+09,"_wandb":{"runtime":268},"ms_per_step":303.6771011352539,"_step":9,"train_bal_loss":0,"step":450,"vram_gb":0.096633088,"val_loss":1.9439923346042634,"train_loss":1.9385073065757752,"_runtime":268}