{"vram_gb":0.943226624,"_step":27,"_wandb":{"runtime":1067},"train_bal_loss":2.7535097360610963,"_timestamp":1.7735788975127964e+09,"val_loss":2.2030776381492614,"train_loss":2.2049898505210876,"_runtime":1067,"ms_per_step":456.75675868988037,"step":1350}