{"train_bal_loss":1.0001982152462006,"vram_gb":0.346770944,"_wandb":{"runtime":819},"_step":11,"_runtime":819,"step":550,"val_loss":3.106839966773987,"_timestamp":1.7735150940009794e+09,"train_loss":3.1171523451805117,"ms_per_step":519.2406320571899}