{"vram_gb":0.110410496,"_step":2,"_runtime":465,"step":100,"ms_per_step":669.2952108383179,"_timestamp":1.773507112456262e+09,"train_loss":3.2512860774993895,"val_loss":3.2512930274009704,"_wandb":{"runtime":465},"train_bal_loss":2.0023820281028746}