{"val_loss":2.5171949744224547,"ms_per_step":129.01259899139404,"_runtime":318,"step":1850,"_step":37,"_timestamp":1.773534161788135e+09,"vram_gb":0.229024768,"train_bal_loss":0,"train_loss":2.540943741798401,"_wandb":{"runtime":318}}