{"train_bal_loss":2.0014900505542754,"ms_per_step":676.2890148162842,"_step":11,"_wandb":{"runtime":486},"train_loss":1.8171853959560393,"step":550,"_timestamp":1.7735485224325624e+09,"_runtime":486,"vram_gb":0.58155008,"val_loss":1.861307567358017}