{"step":1350,"ms_per_step":542.6843929290771,"_timestamp":1.7735676607870183e+09,"val_loss":2.215163016319275,"vram_gb":0.531094016,"_runtime":1573,"train_loss":2.236937606334686,"train_bal_loss":1.0017519444227219,"_wandb":{"runtime":1573},"_step":27}