{"val_loss":3.1310298085212707,"_step":6,"train_bal_loss":2.0088772773742676,"ms_per_step":437.66775131225586,"_runtime":398,"train_loss":3.1475000977516174,"_timestamp":1.7735219974670296e+09,"_wandb":{"runtime":398},"vram_gb":0.353859072,"step":300}