{"step":450,"ms_per_step":331.62160873413086,"val_loss":1.7206572532653808,"_timestamp":1.7735467555987206e+09,"train_loss":1.692311978340149,"_runtime":355,"train_bal_loss":0,"_step":9,"_wandb":{"runtime":355},"vram_gb":0.151398656}