{"val_loss":2.070251166820526,"ms_per_step":821.2578821182251,"vram_gb":0.661426176,"train_bal_loss":2.00807329416275,"_step":5,"_timestamp":1.773563628601055e+09,"_wandb":{"runtime":386},"_runtime":386,"step":250,"train_loss":2.063483530282974}