{"_timestamp":1.7735170794664545e+09,"train_bal_loss":0,"_step":3,"_runtime":231,"vram_gb":0.215682816,"val_loss":2.5031763434410097,"ms_per_step":671.1760091781616,"_wandb":{"runtime":231},"train_loss":2.5182843089103697,"step":150}