{"step":550,"_step":11,"val_loss":1.7903524518013,"_timestamp":1.7735569458949125e+09,"_runtime":571,"vram_gb":0.50563712,"_wandb":{"runtime":571},"train_bal_loss":2.006435877084732,"train_loss":1.7827154994010925,"ms_per_step":759.3076753616333}