{"step":200,"vram_gb":0.189005056,"_wandb":{"runtime":358},"train_bal_loss":1.0003169387578965,"val_loss":6.42781138420105,"ms_per_step":284.7171878814697,"train_loss":6.40229299068451,"_runtime":358,"_timestamp":1.773510452496e+09,"_step":4}