{"vram_gb":0.338263552,"val_loss":5.268720245361328,"step":350,"train_bal_loss":0,"train_loss":5.154329371452332,"_step":7,"ms_per_step":239.8932695388794,"_timestamp":1.773510078943475e+09,"_runtime":339,"_wandb":{"runtime":339}}