{"vram_gb":0.096836608,"val_loss":2.949801516532898,"_step":5,"step":250,"train_loss":2.95684677362442,"train_bal_loss":0,"_runtime":312,"ms_per_step":459.6735429763794,"_timestamp":1.773531778701555e+09,"_wandb":{"runtime":312}}