{"val_loss":1.8385623693466187,"vram_gb":0.111284224,"train_loss":1.8358093559741975,"train_bal_loss":0,"_timestamp":1.773539141278456e+09,"_wandb":{"runtime":138},"ms_per_step":207.77202129364014,"_runtime":138,"_step":6,"step":300}