{"train_loss":2.5875257015228272,"train_bal_loss":1.9980095148086547,"vram_gb":0.1509632,"_wandb":{"runtime":435},"ms_per_step":518.0642175674438,"val_loss":2.574132204055786,"_runtime":435,"_timestamp":1.7735338183316264e+09,"step":550,"_step":11}