{"_timestamp":1.7735168433648767e+09,"val_loss":2.5260660529136656,"vram_gb":0.048680448,"train_bal_loss":0,"ms_per_step":339.65633392333984,"_runtime":151,"_wandb":{"runtime":151},"train_loss":2.5447061896324157,"step":150,"_step":3}