{"vram_gb":0.03683072,"train_loss":1.8074952840805054,"_runtime":119,"val_loss":1.808393543958664,"_timestamp":1.7735514981664023e+09,"_step":13,"ms_per_step":101.6407060623169,"train_bal_loss":0,"_wandb":{"runtime":119},"step":650}