{"_runtime":555,"train_loss":2.632109260559082,"val_loss":2.6224225759506226,"vram_gb":0.2651008,"train_bal_loss":1.9853553831577302,"_timestamp":1.773535383115016e+09,"_step":23,"ms_per_step":351.29674434661865,"step":1150,"_wandb":{"runtime":555}}