{"vram_gb":0.22169472,"step":650,"_timestamp":1.7735384555080101e+09,"val_loss":1.6588053822517395,"train_bal_loss":0,"ms_per_step":399.8804759979248,"train_loss":1.5945328891277313,"_runtime":364,"_step":13,"_wandb":{"runtime":364}}