{"val_loss":1.7076032042503357,"_timestamp":1.7735778346436708e+09,"step":1150,"_step":23,"ms_per_step":313.12758922576904,"vram_gb":0.392151296,"train_bal_loss":1.000517189502716,"train_loss":0.8714174658060074,"_wandb":{"runtime":482},"_runtime":482}