{"step":450,"val_loss":2.1516504764556883,"train_bal_loss":2.000705194473267,"_timestamp":1.7735528717918165e+09,"_runtime":300,"ms_per_step":472.6896810531616,"_wandb":{"runtime":300},"vram_gb":0.35430144,"_step":9,"train_loss":2.1465635657310487}