{"val_loss":3.128223240375519,"vram_gb":0.097637632,"_wandb":{"runtime":157},"_runtime":157,"_timestamp":1.7735124272388704e+09,"step":150,"ms_per_step":410.047812461853,"train_bal_loss":1.335503613948822,"train_loss":3.1414520859718325,"_step":3}