{"_step":5,"vram_gb":0.951391232,"ms_per_step":772.2303771972656,"_wandb":{"runtime":376},"train_loss":0.9480454087257385,"_timestamp":1.7735538630648003e+09,"step":250,"val_loss":1.9338017225265502,"train_bal_loss":2.0013901054859162,"_runtime":376}