{"_wandb":{"runtime":352},"_runtime":352,"val_loss":2.859818363189697,"train_loss":2.877673661708832,"vram_gb":0.353803776,"step":650,"_timestamp":1.7735257454140913e+09,"_step":13,"train_bal_loss":3.0427459716796874,"ms_per_step":315.4337215423584}