{"ms_per_step":1045.0269317626953,"_runtime":606,"step":200,"train_bal_loss":2.0000808000564576,"_timestamp":1.7735212503858666e+09,"_step":4,"val_loss":3.016460859775543,"train_loss":3.026452052593231,"vram_gb":0.30346496,"_wandb":{"runtime":606}}