{"_runtime":244,"train_bal_loss":0,"step":450,"vram_gb":0.121572096,"ms_per_step":272.77388095855713,"_wandb":{"runtime":244},"_timestamp":1.7735275502469373e+09,"val_loss":2.979900026321411,"train_loss":2.984660601615906,"_step":9}