{"ms_per_step":198.36590766906738,"_runtime":917,"_step":55,"train_loss":1.0617674797773362,"_timestamp":1.7735578899310567e+09,"train_bal_loss":0,"val_loss":1.6387756943702698,"step":2750,"vram_gb":0.504740864,"_wandb":{"runtime":917}}