{"ms_per_step":703.2184410095215,"train_loss":1.293756890296936,"_timestamp":1.7735721866018505e+09,"val_loss":1.558612096309662,"train_bal_loss":2.0058548748493195,"_runtime":645,"_step":11,"step":550,"vram_gb":1.385489152,"_wandb":{"runtime":645}}