{"step":300,"ms_per_step":805.6035757064819,"_runtime":679,"_timestamp":1.7735248788030412e+09,"val_loss":2.8394977331161497,"_wandb":{"runtime":679},"_step":6,"vram_gb":0.495142144,"train_bal_loss":1.0001081436872483,"train_loss":2.855116593837738}