{"ms_per_step":739.5774698257446,"_runtime":653,"train_bal_loss":2.0370535612106324,"val_loss":3.2087944865226747,"_wandb":{"runtime":653},"train_loss":3.211417520046234,"step":200,"_step":4,"_timestamp":1.7735241976374063e+09,"vram_gb":0.373673728}