{"vram_gb":0.195922432,"ms_per_step":455.6978988647461,"_step":11,"step":550,"_wandb":{"runtime":619},"_timestamp":1.7735710999725213e+09,"train_bal_loss":0,"val_loss":1.8828437507152558,"_runtime":619,"train_loss":1.8912085831165313}