{"_wandb":{"runtime":266},"step":300,"_step":6,"_runtime":266,"train_loss":2.9828272461891174,"ms_per_step":398.232946395874,"train_bal_loss":0,"val_loss":2.9724045634269713,"vram_gb":0.333381632,"_timestamp":1.773511626984248e+09}