{"_step":13,"ms_per_step":436.85333251953125,"step":650,"_timestamp":1.7735496056725225e+09,"train_loss":2.3322341322898863,"val_loss":2.3112529516220093,"train_bal_loss":0,"_runtime":509,"vram_gb":0.328132352,"_wandb":{"runtime":509}}