{"step":450,"_wandb":{"runtime":286},"_runtime":286,"_step":9,"val_loss":2.6109625101089478,"_timestamp":1.7735190390374303e+09,"vram_gb":0.149947136,"ms_per_step":317.5496530532837,"train_bal_loss":0,"train_loss":2.63390257358551}