{"_runtime":658,"ms_per_step":479.2040491104126,"_timestamp":1.7735769473747013e+09,"_step":11,"vram_gb":0.499856384,"step":550,"train_bal_loss":0,"_wandb":{"runtime":658},"val_loss":1.5362086713314056,"train_loss":1.4656170964241029}