{"_step":23,"train_loss":0.8337727725505829,"_timestamp":1.7735463903476756e+09,"ms_per_step":273.99651050567627,"train_bal_loss":0,"val_loss":1.8804036200046539,"vram_gb":0.195781888,"_wandb":{"runtime":451},"step":1150,"_runtime":451}