{"vram_gb":0.585233152,"_runtime":426,"_timestamp":1.773570475175082e+09,"_wandb":{"runtime":426},"ms_per_step":751.9976711273193,"step":450,"val_loss":2.083849275112152,"_step":9,"train_loss":2.075215744972229,"train_bal_loss":1.9977923393249513}