{"val_loss":2.769725811481476,"step":650,"_runtime":297,"train_loss":2.7900389671325683,"ms_per_step":252.3569393157959,"_timestamp":1.7735206474904046e+09,"_wandb":{"runtime":297},"vram_gb":0.115079936,"train_bal_loss":0,"_step":13}