{"ms_per_step":130.47006607055664,"_wandb":{"runtime":267},"train_bal_loss":0,"_step":18,"val_loss":5.853861832618714,"step":900,"train_loss":5.801201343536377,"vram_gb":0.09497728,"_runtime":267,"_timestamp":1.7735082031284165e+09}