{"ms_per_step":685.6929159164429,"_timestamp":1.7735480302991798e+09,"train_bal_loss":2.0012750744819643,"_step":9,"val_loss":2.853508102893829,"_wandb":{"runtime":696},"_runtime":696,"train_loss":2.8801505327224732,"vram_gb":0.931359232,"step":450}