{"_timestamp":1.7735292123464766e+09,"step":550,"train_bal_loss":2.000535774230957,"train_loss":3.1117041230201723,"_runtime":1286,"_step":11,"_wandb":{"runtime":1286},"val_loss":3.100112593173981,"vram_gb":0.976431872,"ms_per_step":766.2639331817627}