{"val_loss":2.3111322641372682,"ms_per_step":804.6636867523193,"_step":4,"train_bal_loss":2.0119347095489504,"vram_gb":0.629341696,"train_loss":2.314747679233551,"_runtime":346,"_timestamp":1.773533133674112e+09,"step":200,"_wandb":{"runtime":346}}