{"_wandb":{"runtime":242},"val_loss":1.9220853865146637,"_step":13,"step":650,"train_loss":1.9368229508399963,"_runtime":242,"vram_gb":0.1700736,"train_bal_loss":0,"_timestamp":1.7735679340630932e+09,"ms_per_step":243.61652374267578}