{"step":300,"vram_gb":0.049084672,"ms_per_step":237.09691047668457,"val_loss":2.6958105087280275,"train_loss":2.7140169858932497,"_step":6,"_wandb":{"runtime":133},"_runtime":133,"train_bal_loss":0,"_timestamp":1.7735158292648191e+09}