{"ms_per_step":370.51724910736084,"train_bal_loss":0,"train_loss":2.2801063418388368,"_step":9,"_timestamp":1.7735798798130329e+09,"step":450,"vram_gb":0.053270784,"_runtime":286,"val_loss":2.2770182967185972,"_wandb":{"runtime":286}}