{"ms_per_step":462.0287227630615,"_runtime":559,"step":650,"train_loss":2.143091285228729,"val_loss":2.125547909736633,"vram_gb":0.351279872,"_timestamp":1.7735473140979722e+09,"_wandb":{"runtime":559},"train_bal_loss":2.0003109335899354,"_step":13}