{"_wandb":{"runtime":404},"_timestamp":1.7735120417794824e+09,"train_loss":2.9640466570854187,"train_bal_loss":0,"step":250,"_runtime":404,"val_loss":2.950310802459717,"_step":5,"vram_gb":0.226773248,"ms_per_step":528.2365942001343}