{"train_loss":2.1982753753662108,"ms_per_step":226.68188571929932,"val_loss":2.173576068878174,"_timestamp":1.7735802615135136e+09,"_wandb":{"runtime":378},"train_bal_loss":0,"_runtime":378,"step":650,"vram_gb":0.087745792,"_step":13}