{"vram_gb":0.331225856,"step":650,"_wandb":{"runtime":398},"ms_per_step":221.44083976745605,"val_loss":1.5545795559883118,"_runtime":398,"train_loss":1.4743978381156921,"_timestamp":1.7735550565306602e+09,"_step":13,"train_bal_loss":0}