{"_runtime":234,"train_bal_loss":0,"step":1150,"train_loss":2.3144556403160097,"_wandb":{"runtime":234},"_step":23,"_timestamp":1.773542710955383e+09,"ms_per_step":168.3546495437622,"vram_gb":0.072833536,"val_loss":2.3100638508796694}