{"step":550,"ms_per_step":299.98897075653076,"vram_gb":0.147990784,"_step":11,"train_bal_loss":0,"val_loss":1.6079781889915465,"train_loss":1.131014734506607,"_timestamp":1.7735445691670077e+09,"_wandb":{"runtime":269},"_runtime":269}