{"ms_per_step":477.7055358886719,"train_bal_loss":1.9815226078033448,"vram_gb":0.168554752,"_step":3,"_wandb":{"runtime":147},"_timestamp":1.773541484009709e+09,"step":150,"_runtime":147,"train_loss":2.449301040172577,"val_loss":2.437626099586487}