{"_step":11,"val_loss":2.339120101928711,"train_bal_loss":0,"vram_gb":0.187753472,"step":550,"_runtime":321,"train_loss":2.35395747423172,"_wandb":{"runtime":321},"_timestamp":1.7735398570920968e+09,"ms_per_step":442.096586227417}