{"train_loss":4.874303007125855,"vram_gb":0.100349696,"_step":9,"val_loss":5.912519645690918,"step":450,"_wandb":{"runtime":104},"_timestamp":1.77350863839719e+09,"ms_per_step":88.95528793334961,"train_bal_loss":0,"_runtime":104}