{"val_loss":2.569902038574219,"_wandb":{"runtime":1279},"_runtime":1279,"ms_per_step":682.8866291046143,"vram_gb":0.495691264,"train_loss":2.5919619679450987,"_timestamp":1.7735203154163318e+09,"train_bal_loss":1.9972662150859832,"_step":18,"step":900}