{"_runtime":465,"vram_gb":0.150540288,"train_bal_loss":1.9917009592056274,"_timestamp":1.7735314559028997e+09,"train_loss":1.955074715614319,"_wandb":{"runtime":465},"_step":11,"step":550,"ms_per_step":443.54952812194824,"val_loss":1.9471669375896454}