{"_step":6,"train_loss":2.9913675665855406,"vram_gb":0.144747008,"_runtime":320,"val_loss":2.9769009709358216,"step":300,"ms_per_step":496.41395568847656,"_timestamp":1.773509718168429e+09,"train_bal_loss":0,"_wandb":{"runtime":320}}