{"val_loss":2.0342941999435427,"train_bal_loss":2.0002388179302217,"step":650,"_step":13,"ms_per_step":567.562460899353,"_timestamp":1.773536444728804e+09,"_runtime":550,"vram_gb":0.333660928,"train_loss":2.0357181072235107,"_wandb":{"runtime":550}}