{"val_loss":2.860852527618408,"_timestamp":1.773532786246506e+09,"ms_per_step":318.4058094024658,"vram_gb":0.095097344,"train_loss":2.8743735790252685,"train_bal_loss":0,"_wandb":{"runtime":184},"_runtime":184,"_step":6,"step":300}