{"_timestamp":1.7735266852753174e+09,"vram_gb":0.537210112,"_step":11,"ms_per_step":564.5250368118286,"val_loss":2.9438550233840943,"step":550,"_wandb":{"runtime":553},"_runtime":553,"train_loss":2.9610731959342957,"train_bal_loss":1.3343124628067016}