{"val_loss":1.8703600823879243,"_step":37,"train_bal_loss":0,"_timestamp":1.773576288370448e+09,"_wandb":{"runtime":401},"vram_gb":0.116494336,"_runtime":401,"step":1850,"ms_per_step":137.6746702194214,"train_loss":1.8911126554012299}