{"_timestamp":1.7735378161391609e+09,"val_loss":2.008573853969574,"train_bal_loss":2.0012510240077974,"vram_gb":0.267775744,"_step":6,"_wandb":{"runtime":309},"train_loss":2.00884490609169,"ms_per_step":668.5834980010986,"_runtime":309,"step":300}