{"vram_gb":0.537092864,"val_loss":3.0237466216087343,"ms_per_step":353.9527416229248,"_step":13,"train_loss":3.048572611808777,"_timestamp":1.7735270408051655e+09,"train_bal_loss":4,"_wandb":{"runtime":342},"step":650,"_runtime":342}