{"ms_per_step":535.5240774154663,"_timestamp":1.7735386916235812e+09,"vram_gb":0.232686592,"step":300,"train_bal_loss":0,"_runtime":225,"val_loss":2.212086570262909,"_step":6,"_wandb":{"runtime":225},"train_loss":2.2170688629150392}