{"_wandb":{"runtime":347},"_runtime":347,"vram_gb":0.393429504,"train_bal_loss":1.9997360706329346,"step":300,"train_loss":1.597695654630661,"_step":6,"ms_per_step":650.4811906814575,"_timestamp":1.773551839834952e+09,"val_loss":1.6556007385253906}