{"ms_per_step":189.8551368713379,"_wandb":{"runtime":283},"train_bal_loss":0,"vram_gb":0.14164992,"step":1150,"train_loss":1.118208760023117,"_timestamp":1.7735743973928967e+09,"val_loss":1.5225926339626312,"_step":23,"_runtime":283}