{"_step":3,"train_bal_loss":1.999724382162094,"_timestamp":1.7735563753363862e+09,"step":150,"train_loss":1.7550860106945039,"val_loss":1.7710776448249816,"ms_per_step":605.8421468734741,"_wandb":{"runtime":190},"vram_gb":0.39074048,"_runtime":190}