{"_wandb":{"runtime":306},"_step":6,"ms_per_step":339.2549991607666,"train_loss":2.9848635673522947,"step":300,"val_loss":2.971933889389038,"_timestamp":1.7735356884048262e+09,"_runtime":306,"train_bal_loss":0,"vram_gb":0.095363328}