{"ms_per_step":441.7380475997925,"_wandb":{"runtime":177},"vram_gb":0.1648448,"_step":5,"val_loss":2.9653852343559266,"train_bal_loss":0,"step":250,"train_loss":2.975790321826935,"_timestamp":1.7735152894196804e+09,"_runtime":177}