{"vram_gb":0.257555712,"val_loss":2.551489198207855,"_timestamp":1.7735520844729939e+09,"_step":4,"train_loss":2.561073422431946,"train_bal_loss":1.9992097079753877,"ms_per_step":605.9941244125366,"_runtime":225,"step":200,"_wandb":{"runtime":225}}