{"step":200,"train_bal_loss":2.0001690864562987,"val_loss":3.0903430700302126,"_runtime":895,"_timestamp":1.773517978411044e+09,"ms_per_step":707.5992584228516,"train_loss":3.0910858392715452,"vram_gb":0.172800512,"_wandb":{"runtime":895},"_step":4}