{"ms_per_step":766.3528394699097,"_timestamp":1.7735506531938825e+09,"_wandb":{"runtime":1026},"step":150,"_step":3,"val_loss":2.3476598024368287,"train_loss":2.3557902216911315,"vram_gb":0.282160384,"_runtime":1026,"train_bal_loss":2.0001940608024595}