{"vram_gb":0.094735872,"_wandb":{"runtime":287},"step":450,"ms_per_step":364.3233585357666,"_step":9,"train_loss":2.0003111600875854,"train_bal_loss":0,"_runtime":287,"_timestamp":1.7735344547713778e+09,"val_loss":2.0003045558929444}