{"train_bal_loss":0,"_wandb":{"runtime":338},"_runtime":338,"vram_gb":0.345346304,"step":900,"val_loss":1.4914350867271424,"_timestamp":1.773553222906472e+09,"_step":18,"ms_per_step":202.7137565612793,"train_loss":1.361818754673004}