{"_wandb":{"runtime":531},"vram_gb":0.480525568,"ms_per_step":436.7945718765259,"_step":6,"step":300,"_runtime":531,"val_loss":1.683993363380432,"_timestamp":1.773560116772685e+09,"train_bal_loss":0,"train_loss":1.6689217209815979}