{"_runtime":426,"step":300,"ms_per_step":350.0543022155762,"_step":6,"val_loss":2.803421676158905,"train_loss":2.8158599376678466,"vram_gb":0.177452288,"_timestamp":1.7735138969633596e+09,"_wandb":{"runtime":426},"train_bal_loss":1.000144973397255}