{"step":1150,"train_loss":1.3520271718502044,"_step":23,"train_bal_loss":2.002635473012924,"ms_per_step":448.75645637512207,"val_loss":1.53720281124115,"_runtime":976,"_wandb":{"runtime":976},"vram_gb":0.972796416,"_timestamp":1.7735646361485093e+09}