{"train_loss":2.9971465349197386,"vram_gb":0.634580736,"ms_per_step":718.8356494903564,"_runtime":297,"val_loss":2.9761976480484007,"_timestamp":1.773536753721657e+09,"train_bal_loss":2.0593642473220823,"step":250,"_wandb":{"runtime":297},"_step":5}