{"_step":13,"vram_gb":0.519080192,"step":650,"train_bal_loss":0,"_wandb":{"runtime":423},"ms_per_step":511.98994159698486,"_timestamp":1.773563232782699e+09,"train_loss":0.3095124036073685,"_runtime":423,"val_loss":2.567738878726959}