{"vram_gb":0.126969088,"train_bal_loss":0,"_runtime":256,"_step":9,"val_loss":2.0065156519412994,"train_loss":2.017681384086609,"_wandb":{"runtime":256},"step":450,"ms_per_step":362.97618865966797,"_timestamp":1.7735534957333405e+09}