{"vram_gb":0.138353152,"ms_per_step":752.5358390808105,"train_bal_loss":0.9998515397310257,"_timestamp":1.7735108357029955e+09,"_step":4,"_runtime":382,"train_loss":2.8815805673599244,"_wandb":{"runtime":382},"step":200,"val_loss":2.8711967706680297}