{"_wandb":{"runtime":915},"vram_gb":0.090757888,"_timestamp":1.773561055345657e+09,"train_loss":1.760489320755005,"step":1350,"ms_per_step":313.3264636993408,"val_loss":1.7756638824939728,"train_bal_loss":2.0011699557304383,"_step":27,"_runtime":915}