{"val_loss":1.4953165709972382,"_wandb":{"runtime":337},"step":1350,"ms_per_step":162.00700283050537,"_runtime":337,"vram_gb":0.493327104,"train_loss":1.3547098219394684,"train_bal_loss":0,"_step":27,"_timestamp":1.7735561784754217e+09}