{"train_loss":2.833793079853058,"_wandb":{"runtime":579},"train_bal_loss":2.000336301326752,"step":650,"_step":13,"ms_per_step":564.9526691436768,"_runtime":579,"val_loss":2.8160728454589843,"_timestamp":1.7735409481962638e+09,"vram_gb":0.147585024}