{"_step":9,"_runtime":142,"val_loss":5.668494057655335,"step":450,"train_loss":5.609185457229614,"vram_gb":0.20430976,"_timestamp":1.773509404119498e+09,"_wandb":{"runtime":142},"ms_per_step":166.46363258361816,"train_bal_loss":0}