{"ms_per_step":758.4110069274902,"vram_gb":0.567936768,"_timestamp":1.7735758604029732e+09,"step":450,"val_loss":2.5347117304801943,"_step":9,"train_bal_loss":1.9983091533184052,"_runtime":739,"train_loss":2.555547797679901,"_wandb":{"runtime":739}}