{"train_loss":1.4135132789611817,"_wandb":{"runtime":367},"vram_gb":0.523987456,"train_bal_loss":0,"_runtime":367,"_step":37,"val_loss":1.4872066676616669,"ms_per_step":157.02377319335938,"_timestamp":1.7735595924735298e+09,"step":1850}