{"val_loss":1.7232004404067993,"_timestamp":1.7735618908827739e+09,"ms_per_step":491.9148302078247,"_step":18,"vram_gb":0.941457664,"train_loss":1.7084851682186126,"_wandb":{"runtime":824},"_runtime":824,"train_bal_loss":2.000620883703232,"step":900}