{"vram_gb":0.02573184,"_timestamp":1.773508517571587e+09,"val_loss":5.244130301475525,"train_loss":5.045663547515869,"_runtime":305,"ms_per_step":182.5516414642334,"_wandb":{"runtime":305},"step":350,"_step":7,"train_bal_loss":0}