{"vram_gb":0.3398336,"val_loss":2.1994907021522523,"_runtime":315,"ms_per_step":360.972638130188,"_wandb":{"runtime":315},"train_loss":2.2013120651245117,"_step":11,"train_bal_loss":0,"step":550,"_timestamp":1.7735725269102495e+09}